<?xml version="1.0"?>
<opencv_storage>
<camera_matrix type_id="opencv-matrix">
  <rows>3</rows>
  <cols>3</cols>
  <dt>d</dt>
  <data>
    1.677331165081677e+03 0.255110742649419 6.357991567190998e+02
    0. 1.676904621394017e+03 5.122155734073776e+02
    0. 0. 1.</data></camera_matrix>
<distortion_coefficients type_id="opencv-matrix">
  <rows>5</rows>
  <cols>1</cols>
  <dt>d</dt>
  <data>
    -0.095725028149165 0.409891568673930
    4.771375506274376e-04 0.001492825143855 0.</data></distortion_coefficients>
</opencv_storage>
